"phase","sample","frames","actualPresentedFps","averageMs","p95Ms","p99Ms","firstPresentNs","lastPresentNs"
"soak","0","126","119.91919000746205","8.338948919999996","8.448077","8.629231","1145715298574827","1145716340943442"
"soak","1","126","119.9094297025889","8.339627688","8.433846","8.513","1145721102699212","1145722145152673"
"soak","2","126","119.91186290055006","8.339458464000002","8.478461","8.550077","1145726973745058","1145728016177366"
"soak","3","125","119.92585127752814","8.33848573387097","8.418769","8.568385","1145732936241366","1145733970213597"
"soak","4","126","119.89838809201743","8.340395696000002","8.424615","8.620616","1145738790555828","1145739833105290"
"soak","5","126","119.90535078328114","8.339911384000002","8.430385","8.507462","1145744653595521","1145745696084444"
"soak","6","126","119.89385005196333","8.340711384000004","8.401538","8.495384","1145750533455829","1145751576044752"
"soak","7","126","119.92195989238068","8.338756311999997","8.457538","8.612077","1145756488881367","1145757531225906"
"soak","8","126","119.90765993604792","8.339750776000002","8.464923","8.614154","1145762360042906","1145763402511753"
"soak","9","125","119.89589876150428","8.340568862903226","8.404384","8.54177","1145768240088368","1145769274318907"
"soak","10","126","119.91214610714435","8.339438768","8.418539","8.497154","1145774170429676","1145775212859522"
"soak","11","126","119.90595233224427","8.339869544000003","8.430769","8.467154","1145780041429061","1145781083912754"
"soak","12","126","119.88358981182182","8.341425224","8.423769","8.465539","1145785912888062","1145786955566215"
"soak","13","126","119.92466812047348","8.338567999999997","8.452","8.669154","1145791825978216","1145792868299216"
"soak","14","126","119.90665142483662","8.339820919999998","8.409615","8.491308","1145797646729601","1145798689207216"
"soak","15","126","119.88259918161475","8.341494152000005","8.428923","8.532615","1145803467812447","1145804510499216"
"soak","16","126","119.89738847699809","8.340465232","8.428231","8.512616","1145809355945371","1145810398503525"
"soak","17","126","118.92843791508959","8.408417848000006","8.469461","8.840308","1145815177361063","1145816228413294"
"soak","18","126","119.89724690838588","8.340475080000004","8.453846","8.597539","1145821065591525","1145822108150910"
"soak","19","126","119.90333351046417","8.340051695999998","8.479077","8.529307","1145826912022910","1145827954529372"
"soak","20","126","119.9091465088256","8.339647384","8.460538","8.625231","1145832825009680","1145833867465603"
"soak","21","126","119.88671185276759","8.341208000000002","8.439384","8.484847","1145838663233065","1145839705884065"
"soak","22","126","119.89361120516101","8.340727999999999","8.458461","8.566461","1145844568592142","1145845611183142"
"soak","23","126","119.89193930418972","8.340844312","8.412077","8.459769","1145850432241065","1145851474846604"
"soak","24","126","119.899830041895","8.340295392","8.428539","8.490539","1145856270829373","1145857313366297"
"soak","25","126","119.21031274110288","8.388535999999998","8.447923","8.597923","1145862084776143","1145863133343143"
"soak","26","126","120.21659999938106","8.318318767999997","8.391615","8.518154","1145867883213682","1145868923003528"
"soak","27","125","120.24036141335837","8.316674935483874","8.450769","8.587385","1145873664799759","1145874696067451"
"soak","28","126","120.23549281299462","8.317011695999998","8.405231","8.574538","1145879470430836","1145880510057298"
"soak","29","126","120.20966342480948","8.318798768000002","8.401846","8.545308","1145885300950914","1145886340800760"
"soak","30","126","120.2217584395922","8.317961848000001","8.389461","8.481615","1145891106731452","1145892146476683"
"soak","31","126","120.20070925957452","8.319418464","8.419384","8.488308","1145897003924145","1145898043851453"
"soak","32","126","119.26966155910112","8.384361848000003","8.461461","8.684923","1145902860135222","1145903908180453"
"soak","33","126","120.22300374633824","8.317875688000003","8.428308","8.554154","1145908741070223","1145909780804684"
"soak","34","125","120.22178981159115","8.317959677419353","8.444308","8.504539","1145914580455223","1145915611882223"
"soak","35","126","120.21918800917423","8.318139696000005","8.388","8.432385","1145920511067146","1145921550834608"
"soak","36","126","120.21222443053367","8.318621543999996","8.412846","8.464307","1145926316811531","1145927356639224"
"soak","37","126","120.2190546980494","8.318148919999995","8.409615","8.506231","1145932181088763","1145933220857378"
"soak","38","126","120.21052594427564","8.318739080000002","8.429231","8.497","1145937987228763","1145939027071148"
"soak","39","126","120.2404838920326","8.316666464000003","8.465154","8.604231","1145943868193994","1145944907777302"
"soak","40","126","120.22677497465286","8.317614776000003","8.477461","8.59777","1145949673948071","1145950713649918"
"soak","41","126","120.21829865728832","8.318201232000003","8.420308","8.534154","1145955521901610","1145956561676764"
"soak","42","126","120.23076014835262","8.317339080000002","8.399462","8.502154","1145961402565995","1145962442233380"
"soak","43","126","120.23111598441061","8.317314464","8.403","8.477538","1145967257846611","1145968297510919"
"soak","44","126","120.2468012301867","8.316229536000002","8.451693","8.502385","1145973071707765","1145974111236457"
"soak","45","126","120.26343391552166","8.315079383999995","8.456692","8.764616","1145978909982304","1145979949367227"
"soak","46","126","120.24232572498639","8.316539072","8.437154","8.600923","1145984789625689","1145985829193073"
"soak","47","126","120.24542194511041","8.316324928","8.433769","8.504923","1145990628291535","1145991667832151"
"soak","48","126","120.25319037943189","8.315787688000002","8.391692","8.475462","1145996450135536","1145997489608997"
"soak","49","125","120.24401187148179","8.316422451612906","8.401462","8.536692","1146002263724690","1146003294961074"
"soak","50","126","120.2390604542902","8.31676492","8.420308","8.468923","1146008085334921","1146009124930536"
"soak","51","126","120.25186427812015","8.315879391999998","8.411","8.462076","1146014014695767","1146015054180691"
"soak","52","126","119.27043188993191","8.384307696","8.403077","8.682154","1146019844746229","1146020892784691"
"soak","53","126","120.24456783140366","8.316384","8.438693","8.553231","1146025766302307","1146026805850307"
"soak","54","126","120.23751237244002","8.316872","8.535692","8.613","1146031670868692","1146032710477692"
"soak","55","125","120.24240628622488","8.316533500000002","8.396539","8.476692","1146037575790000","1146038607040154"
"soak","56","126","120.24517290447334","8.316342152","8.454077","8.764231","1146043513974923","1146044553517692"
"soak","57","126","120.22919458723202","8.317447384000001","8.454769","8.553","1146049369310616","1146050408991539"
"soak","58","126","120.22407991102617","8.317801232","8.403077","8.545846","1146055183211847","1146056222937001"
"soak","59","125","120.22160145302776","8.317972709677418","8.411462","8.449847","1146061080017616","1146062111446232"
"soak","60","126","120.2132827139371","8.318548311999997","8.528307","8.588616","1146066927473309","1146067967291848"
"soak","61","126","120.21556836445922","8.318390151999997","8.378384","8.441308","1146072708337694","1146073748136463"
"soak","62","126","120.2170179535682","8.318289848","8.357615","8.410384","1146078514133310","1146079553919541"
"soak","63","126","120.23390041357489","8.317121848000001","8.413461","8.463","1146084377578310","1146085417218541"
"soak","64","126","120.28131760216002","8.313843079999998","8.45723","8.589","1146090257917695","1146091297148080"
"soak","65","126","120.22097577114545","8.318015999999998","8.410154","8.508","1146096129260157","1146097169012157"
"soak","66","126","120.22517390241995","8.317725543999995","8.432308","8.551077","1146102018034003","1146103057749696"
"soak","67","126","120.2276912798691","8.317551384","8.384077","8.494385","1146107990606542","1146109030300465"
"soak","68","126","120.22941696427455","8.317432","8.401154","8.532615","1146113921278927","1146114960957927"
"soak","69","126","120.23066231404354","8.317345847999999","8.383153","8.448692","1146119785047543","1146120824715774"
"soak","70","126","120.23146303356656","8.317290456","8.508","8.700308","1146125640361313","1146126680022620"
"soak","71","126","120.2115130997573","8.318670767999999","8.396539","8.494692","1146131470870313","1146132510704159"
"soak","72","126","120.24307293027877","8.316487392","8.397461","8.482461","1146137342793082","1146138382354006"
"soak","73","126","120.23655150612404","8.316938463999998","8.408923","8.493615","1146143147945006","1146144187562314"
"soak","74","126","120.22919458723202","8.317447384000001","8.420385","8.542154","1146148978265083","1146150017946006"
"soak","75","126","120.22773580035462","8.317548304000002","8.446769","8.535692","1146154792873699","1146155832567237"
"soak","76","126","120.23015522032367","8.317380928000002","8.399693","8.504308","1146160656814853","1146161696487469"
"soak","77","126","120.21976611808091","8.318099696","8.418154","8.461461","1146166504044161","1146167543806623"
"soak","78","126","120.2186989333809","8.318173535999996","8.397538","8.475769","1146172443114623","1146173482886315"
"soak","79","126","120.2292211845469","8.317445544","8.416","8.512615","1146178315584700","1146179355265393"
"soak","80","126","120.22874093136495","8.317478767999996","8.438539","8.558693","1146184129257701","1146185168942547"
"soak","81","126","120.23583977176541","8.316987695999996","8.399923","8.442847","1146189968102547","1146191007726009"
"soak","82","126","120.237592406774","8.316866464000002","8.529769","8.647308","1146195872694932","1146196912303240"
"soak","83","126","120.24454111162831","8.316385848000001","8.389","8.413538","1146201727510625","1146202767058856"
"soak","84","126","119.28839802109675","8.383044927999997","8.407693","8.541","1146207565807471","1146208613688087"
"soak","85","126","120.23926505621117","8.316750768000002","8.425154","8.533538","1146213404389010","1146214443982856"
"soak","86","125","120.23852285942941","8.316802104838711","8.405231","8.500308","1146219284846857","1146220316130318"
"soak","87","126","120.22795817200087","8.317532919999998","8.395384","8.527154","1146225098614011","1146226138305626"
"soak","88","126","120.23620454324562","8.316962464","8.383692","8.534077","1146230904002242","1146231943622550"
"soak","89","126","120.21503480700346","8.318427072","8.357846","8.420384","1146236767819781","1146237807623165"
"soak","90","126","120.22958603151046","8.317420304","8.451077","8.547384","1146242682026243","1146243721703781"
"soak","91","126","120.22040655361909","8.318055383999999","8.407308","8.566539","1146248545835551","1146249585592474"
"soak","92","126","120.24179181432356","8.316576000000001","8.436692","8.458231","1146254459539859","1146255499111859"
"soak","93","125","120.23788604195067","8.316846153225804","8.423923","8.574846","1146260289772782","1146261321061705"
"soak","94","126","120.25652756881136","8.315556919999999","8.398154","8.481847","1146266161495244","1146267200939859"
"soak","95","126","120.2518643938042","8.315879384","8.411384","8.50977","1146271957892091","1146272997377014"
"soak","96","126","120.2298082943594","8.317404927999998","8.458076","8.605539","1146277779764783","1146278819440399"
"soak","97","126","120.2378060249473","8.316851688000003","8.414231","8.487","1146283601243476","1146284640849937"
"soak","98","126","120.23442523341687","8.317085543999998","8.407385","8.513846","1146289498382322","1146290538018015"
"soak","99","126","120.22068220084009","8.318036312","8.413923","8.560616","1146295320470861","1146296360225400"
"soak","100","126","120.22229217236068","8.317924920000001","8.376692","8.433231","1146301193060708","1146302232801323"
"soak","101","126","120.2343186037172","8.317092919999995","8.367923","8.421308","1146307065656093","1146308105292708"
"soak","102","126","120.22606347166709","8.317663999999997","8.388307","8.448077","1146312962726862","1146314002434862"
