phase,sample,frames,actualPresentedFps,averageMs,p95Ms,p99Ms,firstPresentNs,lastPresentNs
preset-BASS_IMPACT,9,127,60.12176750730328,16.63291086507936,16.746769,16.938154,1188070875942659,1188072971689428
preset-BASS_IMPACT,10,126,60.11061241359392,16.63599753600001,16.75223,16.872308,1188076564601967,1188078644101659
preset-BASS_IMPACT,11,126,60.119534651119544,16.633528615999992,16.763462,16.948307,1188082203891198,1188084283082275
preset-BASS_IMPACT,12,126,60.11937229457654,16.633573536,16.726461,16.894539,1188087876207814,1188089955404506
preset-DARK_GLITCH,14,126,60.11650984552873,16.634365544,16.702077,16.788308,1188104576807276,1188106656102969
preset-DARK_GLITCH,15,126,60.115502425232975,16.634644304000002,16.685231,16.769,1188110249103200,1188112328433738
preset-DARK_GLITCH,16,126,60.119276644863405,16.6336,16.699693,16.756,1188116004626277,1188118083826277
preset-DARK_GLITCH,17,126,60.12328936549729,16.632489848,16.880307,17.021461,1188121710285354,1188123789346585
preset-NEON_PULSE,0,126,60.126170217853634,16.631692927999993,16.696923,16.74677,1188009745484424,1188011824446040
preset-NEON_PULSE,1,126,60.119541330454666,16.633526768,16.700308,16.747307,1188015367405040,1188017446595886
preset-NEON_PULSE,2,127,60.11520979765705,16.634725277777775,16.706385,16.763077,1188020956411579,1188023052386964
preset-NEON_PULSE,3,126,60.11350095518839,16.635198151999997,16.704385,16.788615,1188026562000733,1188028641400502
preset-ORBIT_SPECTRUM,5,126,60.117230426896214,16.63416616000001,16.729923,16.795154,1188043030190657,1188045109461427
preset-ORBIT_SPECTRUM,6,126,60.122212720871126,16.632787696,16.706077,16.765923,1188048619195196,1188050698293658
preset-ORBIT_SPECTRUM,7,126,60.11532447862211,16.634693543999994,16.708077,16.771769,1188054241288427,1188056320625120
preset-ORBIT_SPECTRUM,8,126,60.11563804698861,16.634606776,16.72,16.823,1188059897109350,1188061976435197
soak,19,126,60.11464175741107,16.634882464000007,16.748538,16.79577,1188138377361355,1188140456721663
soak,20,126,60.11929220093268,16.633595695999997,16.750769,16.809846,1188144033448740,1188146112648202
soak,21,126,60.11470402996288,16.634865232000003,16.775769,16.952231,1188149639384125,1188151718742279
soak,22,126,60.11095038778775,16.635904000000004,16.735923,16.781462,1188155229014972,1188157308502972
soak,23,126,60.12348288858432,16.632436311999992,16.757616,16.867615,1188160852658895,1188162931713434
soak,24,126,60.106550227629256,16.637121848,16.751692,17.022769,1188166491695895,1188168571336126
soak,25,127,60.098047875987056,16.63947557936508,16.694692,16.808077,1188172114726588,1188174211300511
soak,26,127,60.11167116900696,16.63570452380953,16.755307,16.874077,1188177771485434,1188179867584204
soak,27,127,60.112352849969625,16.635515873015862,16.717923,16.759615,1188183444255896,1188185540330896
soak,28,126,60.11777312225745,16.634015999999995,16.744616,16.895,1188189117494358,1188191196746358
soak,29,126,60.105267422913904,16.637476927999998,16.688308,16.850077,1188194823460743,1188196903145359
soak,30,126,60.11260701349696,16.635445535999995,16.67023,16.699693,1188200496425436,1188202575856128
soak,31,126,60.109402796594026,16.636332311999993,16.696308,16.808923,1188206286611590,1188208366153129
soak,32,126,60.11054347218142,16.636016615999992,16.692615,16.759154,1188211992670052,1188214072172129
soak,33,126,60.113520960267344,16.63519261599999,16.765846,16.863154,1188217765402360,1188219844801437
soak,34,127,60.10817046320506,16.636673388888877,16.735769,16.886462,1188223471498360,1188225567719207
soak,35,126,60.106930411927884,16.637016616,16.709539,16.739154,1188229227794899,1188231307421976
soak,36,127,60.1090329197471,16.63643468253968,16.67723,16.762154,1188234967419899,1188237063610669
soak,37,126,60.11486413519392,16.634820927999993,16.736308,16.902154,1188240740117361,1188242819469977
soak,38,127,60.117360968947004,16.63413003968254,16.731461,16.886692,1188246462403208,1188248558303593
soak,39,126,59.638969534028845,16.76755999999999,16.776846,17.048539,1188252168159516,1188254264104516
soak,40,127,60.11489212572734,16.63481318253968,16.743308,16.756538,1188257873736132,1188259969722593
soak,41,127,60.11556943409675,16.634625761904758,16.777308,17.010692,1188263562724440,1188265658687286
soak,42,126,60.10701934580482,16.636992,16.748385,17.059077,1188269335136517,1188271414760517
soak,43,127,60.11774268886339,16.63402442063492,16.702538,16.773615,1188275041445056,1188277137332133
soak,44,126,60.10979637131806,16.636223384,16.743,16.840615,1188280730610364,1188282810138287
soak,45,126,60.11967922580507,16.633488615999994,16.721615,16.839308,1188286436757441,1188288515943518
soak,46,126,60.11814011940475,16.633914455999996,16.772615,16.985231,1188292158678057,1188294237917364
soak,47,127,60.116902039486654,16.634257023809525,16.736,16.788924,1188297880591826,1188299976508211
soak,48,126,60.12219716329042,16.632792000000006,16.736077,16.787615,1188303619501134,1188305698600134
soak,49,127,60.11389490548535,16.63508913492063,16.764231,16.906077,1188309324849750,1188311420870981
soak,50,127,60.12132394421419,16.633033579365073,16.707692,16.789847,1188315030537366,1188317126299597
soak,51,126,60.113874520434535,16.635094776,16.691,16.739692,1188320735857981,1188322815244828
soak,52,126,60.11565585624349,16.634601848,16.722077,16.803923,1188326541352828,1188328620678059
soak,53,126,60.11721932444023,16.63416923200001,16.712308,16.856615,1188332363497674,1188334442768828
soak,54,126,60.11705249896766,16.634215392,16.687769,16.743,1188338152386982,1188340231663906
soak,55,126,60.11761300153091,16.634060304000005,16.759077,16.788538,1188343941176137,1188346020433675
soak,56,126,60.11910093123491,16.633648616000002,16.700616,16.765231,1188349746453445,1188351825659522
soak,57,126,60.12053110288639,16.633252927999997,16.697231,16.738461,1188355551821368,1188357630977984
soak,58,126,60.115680343986206,16.634595071999996,16.699461,16.751923,1188361357154292,1188363436478676
soak,59,126,60.11308510117989,16.635313232,16.667461,16.715769,1188367029425061,1188369108839215
soak,60,126,60.10553421057106,16.637403079999995,16.692846,16.774538,1188372785299523,1188374864974908
soak,61,126,60.1052874514143,16.637471384000005,16.710154,16.759077,1188378524579293,1188380604263216
soak,62,126,60.11181979559016,16.635663391999998,16.684615,16.733231,1188384314076754,1188386393534678
soak,63,126,60.10247526846732,16.638249847999997,16.681,16.800846,1188390119941062,1188392199722293
soak,64,126,60.10571874658899,16.637352000000003,16.698154,16.840231,1188395943250294,1188398022919294
soak,65,126,60.10689705817904,16.637025848000004,16.680615,16.719077,1188401766463602,1188403846091833
soak,66,126,60.11604060811227,16.634495383999997,16.682385,16.702769,1188407556331602,1188409635643525
soak,67,127,60.113374253222815,16.635233214285716,16.708,16.777615,1188413029481448,1188415125520833
soak,68,126,60.10133715306019,16.63856492,16.8,16.981,1188419101700449,1188421181521064
soak,69,126,60.10135269984701,16.638560616000003,16.775692,16.911769,1188424874857680,1188426954677757
soak,70,127,60.112156488706056,16.63557021428571,16.766154,16.895692,1188430663785680,1188432759867527
soak,71,126,60.11295833695556,16.635348312,16.737231,16.779,1188436436560142,1188438515978681
soak,72,127,60.11431848343224,16.634971920634918,16.719923,16.795616,1188442192588527,1188444288594989
soak,73,126,60.1159405166427,16.634523079999997,16.741923,16.905231,1188448064793681,1188450144109066
soak,74,126,60.10564091473644,16.637373544,16.843461,16.879384,1188453837226989,1188455916898682
soak,75,126,60.1108614422778,16.635928615999994,16.714154,16.805769,1188459693406682,1188461772897759
soak,76,126,60.10796425198369,16.636730464,16.756923,16.884384,1188465483195605,1188467562786913
soak,77,126,60.10713495734802,16.636959999999988,16.742462,16.868923,1188471356198606,1188473435818606
soak,78,126,60.10916265379616,16.63639877600001,16.763154,16.839385,1188477162533452,1188479242083299
soak,79,126,60.110105430523355,16.636137848,16.741924,16.784308,1188482968872760,1188485048389991
soak,80,127,60.1062449434429,16.637206349206345,16.714077,16.786153,1188488774812145,1188490871100145
soak,81,126,60.108486749414226,16.636585847999996,16.707769,16.848,1188494597779299,1188496677352530
soak,82,126,60.11159746923729,16.635724920000005,16.765154,16.870231,1188500420820454,1188502500286069
soak,83,126,60.10670141635432,16.637079999999997,16.736539,16.771308,1188506226756839,1188508306391839
soak,84,126,59.63288747427891,16.769270152,16.726538,16.884846,1188512066047916,1188514162206685
soak,85,126,60.11665440566659,16.634325544000003,16.758769,16.938154,1188517888857762,1188519968148455
soak,86,126,60.10878024451483,16.63650461599999,16.721846,16.811385,1188523711352147,1188525790915224
soak,87,127,60.10934175500197,16.636349206349202,16.704,16.898692,1188529467657686,1188531563837686
soak,88,126,60.10609446946994,16.637248000000003,16.692923,16.912,1188535340448840,1188537420104840
soak,89,126,60.11106378863608,16.635872615999997,16.71023,16.734154,1188541146826918,1188543226310995
soak,90,126,60.10251306767713,16.638239383999995,16.673153,16.692308,1188547036311918,1188549116091841
soak,91,126,60.11044120215082,16.636044920000003,16.698846,16.850154,1188552859490611,1188554938996226
soak,92,126,60.11170642079673,16.635694767999997,16.682769,16.726847,1188558698904534,1188560778366380
soak,93,126,60.10795315294998,16.636733536,16.677461,16.720923,1188564538353150,1188566617944842
soak,94,126,60.111217225897065,16.635830151999997,16.672385,16.748693,1188570577498304,1188572656977073
soak,95,127,60.111309399714926,16.635804642857146,16.716693,16.777461,1188576399964766,1188578496076151
soak,96,127,60.11178590942802,16.63567276984127,16.679154,16.713231,1188580409109151,1188582505203920
soak,97,126,60.10861794605241,16.636549536000008,16.748615,16.794154,1188587994854305,1188590074422997
soak,98,127,60.104171777757294,16.637780214285712,16.736308,16.844538,1188593851236152,1188595947596459
soak,99,126,60.1077952812009,16.636777231999996,16.749462,16.986231,1188599657602383,1188601737199537
soak,100,127,60.10351674482118,16.637961539682536,16.736231,16.790769,1188605447425691,1188607543808845
soak,101,126,60.11141067127686,16.635776615999994,16.732615,17.069154,1188611287360460,1188613366832537
soak,102,126,60.11229344784193,16.635532311999995,16.746769,16.846077,1188617143561153,1188619223002692
soak,103,126,60.10337335933672,16.638001231999993,16.716,16.785154,1188622933405461,1188625013155615
soak,104,126,60.10932053272813,16.63635508,16.750847,16.841231,1188628789891538,1188630869435923
soak,105,126,60.099356621771214,16.639113231999996,16.74,16.847,1188634696063000,1188636775952154
soak,106,126,60.10961626168129,16.636273231999994,16.749154,16.844846,1188640502506000,1188642582040154
soak,107,127,60.11115938789923,16.635846158730164,16.777,16.857308,1188646325340539,1188648421457155
soak,108,126,60.104831683503996,16.63759754400001,16.775,16.937846,1188652131359001,1188654211058694
soak,109,126,60.10274203133802,16.63817600000001,16.729307,16.854847,1188657987775232,1188660067547232
soak,110,126,60.10940947367804,16.636330463999997,16.725231,16.861616,1188663877421694,1188665956963002
soak,111,127,60.11869586247919,16.63376069047619,16.770769,16.879461,1188669733415848,1188671829269695
soak,112,126,60.11650096955895,16.634367999999995,16.678153,16.736,1188675522226618,1188677601522618
soak,113,126,60.10192400649549,16.638402456,16.766154,16.807308,1188681361299311,1188683441099618
soak,114,126,60.1144549694398,16.634934151999996,16.662539,16.751462,1188687184198619,1188689263565388
soak,115,126,60.10896702612736,16.636452919999996,16.686231,16.737769,1188692956750081,1188695036306696
soak,116,127,60.1065184249362,16.63713065079366,16.743384,16.79477,1188698729582081,1188700825860543
soak,117,126,60.109760788667444,16.636233232000002,16.745846,16.865847,1188704536148235,1188706615677389
soak,118,126,60.110016516419606,16.636162456000005,16.690538,16.759616,1188710258994005,1188712338514312
soak,119,126,60.11025663713409,16.636096000000002,16.778769,16.852616,1188716064897159,1188718144409159
soak,120,126,60.11536452013156,16.634682463999997,16.700307,16.720308,1188721870751005,1188723950086313
soak,121,126,60.11672336109726,16.634306464,16.719769,16.797308,1188727643093467,1188729722381775
soak,122,126,60.11552240273306,16.634638776,16.809846,16.948384,1188733431940544,1188735511270391
soak,123,126,60.114730743019074,16.634857840000002,16.687692,16.755692,1188739270839853,1188741350197083
soak,124,126,60.11900973519677,16.633673848,16.678692,16.722462,1188745092975007,1188747172184238
soak,125,126,25.733804584487576,38.85939200000001,16.739385,66.435077,1188748120374315,1188752977798315
soak,126,126,60.1172637921142,16.634156928,16.726846,16.776385,1188756704041084,1188758783310700
soak,127,127,60.11493623706758,16.634800976190476,16.766539,16.852923,1188762526400239,1188764622385162
soak,128,126,60.10277983088342,16.638165535999992,16.740538,16.832308,1188768315508239,1188770395278931
soak,129,126,60.10915600567192,16.636400615999992,16.732923,16.897231,1188774121620239,1188776201170316
soak,130,127,60.10779772515894,16.63677655555556,16.783308,16.949847,1188779878011624,1188781974245470
soak,131,126,60.10912932647483,16.636407999999992,16.689847,16.80977,1188785734098394,1188787813649394
soak,132,127,60.09770389935028,16.639570817460317,16.756,16.838847,1188791540243240,1188793636829163
soak,133,126,60.107163860303295,16.63695199999999,16.787384,16.863384,1188797396950702,1188799476569702
soak,134,127,60.105821479263604,16.637323563492068,16.728693,16.848384,1188803120024164,1188805216326933
soak,135,126,60.108246613935755,16.636652311999992,16.703308,16.898385,1188808992851241,1188811072432780
soak,136,126,60.11133282468244,16.635798160000004,16.775308,16.939924,1188814798915549,1188816878390319
soak,137,126,60.10572097201068,16.637351384000006,16.768307,16.859462,1188820605376550,1188822685045473
soak,138,126,60.11233125940227,16.635521848000003,16.738154,16.811693,1188826478199627,1188828557639858
soak,139,126,60.11680344789663,16.634284304,16.710692,16.788923,1188832367306320,1188834446591858
soak,140,127,59.644449185241946,16.76601953174603,16.717231,16.831154,1188838239090628,1188840351609089
soak,141,126,60.11004539324046,16.636154464,16.763307,16.964,1188844144385782,1188846223905090
soak,142,126,60.11140402265529,16.63577845599999,16.813539,16.987385,1188849967117475,1188852046589782
soak,143,126,60.11125500719662,16.635819696,16.745462,16.950846,1188855756362398,1188857835839860
soak,144,126,60.10535415537633,16.637452919999998,16.694461,16.804077,1188861628984168,1188863708665783
soak,145,126,60.11258700902629,16.635451072000006,16.681923,16.758846,1188867518623322,1188869598054706
soak,146,127,60.11243888568711,16.63549206349207,16.70123,16.764615,1188873374514091,1188875470586091
soak,147,126,60.108791343853966,16.636501543999994,16.678769,16.753231,1188879247227322,1188881326790015
soak,148,126,60.11222230557784,16.635552,16.693538,16.733308,1188885103135323,1188887182579323
soak,149,126,60.11308732714712,16.635312615999997,16.67223,16.726846,1188890942113785,1188893021527862
soak,150,126,60.11892076583454,16.633698464000005,16.884538,16.993461,1188896797418400,1188898876630708
soak,151,126,60.11230457738651,16.63552923199999,16.718769,16.785538,1188902635974093,1188904715415247
soak,152,126,60.1183158274168,16.633865840000006,16.696384,16.780924,1188908558139940,1188910637373170
soak,153,127,60.10752420335009,16.63685226190476,16.691077,16.749307,1188914214099555,1188916310342940
soak,154,127,60.1127675730744,16.635401103174598,16.733231,16.822693,1188920169819940,1188922265880479
soak,155,126,60.10839561447916,16.636611071999997,16.701923,16.741769,1188926008908787,1188928088485171
soak,156,126,60.10886031015208,16.636482456000003,16.795462,16.945154,1188931831668249,1188933911228556
soak,157,126,60.10490951326083,16.637576,16.765231,16.935154,1188937687737095,1188939767434095
soak,158,126,60.11390123275352,16.635087384,16.748,16.874461,1188943477038634,1188945556424557
soak,159,126,60.111023752855644,16.635883696,16.725231,16.778231,1188949299769480,1188951379254942
soak,160,126,60.11619181567269,16.634453543999992,16.763923,16.888231,1188955088774096,1188957168080789
soak,161,127,60.11281170997569,16.635388888888897,16.721846,16.844384,1188960861272558,1188962957331558
soak,162,126,60.116810097712666,16.634282464,16.781,16.877231,1188966683547251,1188968762832559
soak,163,126,60.105409703589395,16.637437543999997,16.732847,16.750154,1188972472942097,1188974552621790
soak,164,126,60.10979191987125,16.636224616,16.706462,16.800308,1188978245935559,1188980325463636
soak,165,126,60.112631469847614,16.635438768000004,16.752923,16.864076,1188984051900790,1188986131330636
soak,166,126,60.11333637633776,16.635243695999996,16.715,16.859154,1188989924305483,1188992003710945
soak,167,126,60.10967629810696,16.636256615999994,16.732539,16.856307,1188995713340176,1188997792872253
soak,168,127,60.119832252441675,16.63344627777777,16.758154,16.784923,1189001468933714,1189003564747945
soak,169,126,60.1194011803871,16.633565544000003,16.738769,16.894154,1189007324198945,1189009403394638
soak,170,126,60.11955468912944,16.633523071999996,16.730385,16.932923,1189013162242100,1189015241432484
soak,171,126,60.1280702016173,16.631167384,16.725616,16.795462,1189018967359331,1189021046255254
soak,172,127,60.12343360961195,16.632449944444453,16.736615,16.837462,1189024805554331,1189026901243024
soak,173,127,60.12340936732773,16.63245665079366,16.74,16.834538,1189030610495024,1189032706184562
